5342,Fitz,Crosby,fcrosby0,7
3415,Hewet,Breznovic,hbreznovic1,5
8087,Annabell,Smallpeice,asmallpeice2,4
7490,Hesther,Ziebart,hziebart3,5
1878,Hagen,Land,hland4,5
8460,Brana,Rofe,brofe5,7
7113,Sherline,Maxstead,smaxstead6,3
2825,Alexina,Fairhall,afairhall7,5
3994,Paul,Snartt,psnartt8,6
9818,Shane,Kevane,skevane9,5
9944,Donavon,Leyson,dleysona,4
1268,Janene,Christofe,jchristofeb,6
6754,Alta,Paddemore,apaddemorec,2
0494,Waly,Marten,wmartend,4
2676,Teresa,Deveril,tdeverile,7
0123,Yolande,Emms,yemmsf,2
5562,Leone,Godar,lgodarg,3
3431,Tasha,Soff,tsoffh,1
0655,Jo-ann,Eatherton,jeathertoni,7
3674,Denys,McIver,dmciverj,3
9245,Chelsie,Croad,ccroadk,4
3136,Gar,Franzen,gfranzenl,1
1706,Johnathan,Tewkesberrie,jtewkesberriem,5
1952,Gregg,Kock,gkockn,7
9891,Meagan,Gibbens,mgibbenso,1
7309,Jeanne,Eden,jedenp,5
8090,Gabrila,Mutch,gmutchq,3
9363,Rube,Cool,rcoolr,5
7562,Charlene,Vogeler,cvogelers,7
1613,Cinderella,Goodlud,cgoodludt,1
3293,Farly,Walling,fwallingu,1
3042,Dewey,Bang,dbangv,6
3478,Loise,Slides,lslidesw,5
5191,Janot,Stoltz,jstoltzx,3
9147,Bel,Greguoli,bgreguoliy,2
9604,Geri,Bridgens,gbridgensz,3
2017,Kaylee,Bayle,kbayle10,6
9494,Olly,Jon,ojon11,4
3188,Dag,Quadling,dquadling12,2
4844,Myles,Austins,maustins13,5
5210,Idelle,Redit,iredit14,1
4490,Mandel,Kinghorn,mkinghorn15,4
4615,Royal,Todarini,rtodarini16,1
7163,Reinaldos,Flacknell,rflacknell17,6
0504,Stirling,Saturley,ssaturley18,5
1663,Jobie,Bessell,jbessell19,6
8550,Phillida,Gadd,pgadd1a,7
0558,Ted,Nesterov,tnesterov1b,3
8480,Doll,Poynton,dpoynton1c,4
5093,Fidole,Washington,fwashington1d,7
